<?xml version="1.0"?><!--
    Copyright (c) 2011, 2012 Sean Muir and others.
    All rights reserved. This program and the accompanying materials
    are made available under the terms of the Eclipse Public License v1.0
    which accompanies this distribution, and is available at
    http://www.eclipse.org/legal/epl-v10.html
   
    Contributors:
        Sean Muir (JKM Software) - initial API and implementation
 -->

<ClinicalDocument xmlns:xsi="http://www.w3.org/2001/XMLSchema-instance"
	xmlns="urn:hl7-org:v3" xmlns:mif="urn:hl7-org:v3/mif">
	<realmCode code="US" />
	<typeId root="2.16.840.1.113883.1.3" extension="POCD_HD000040" />
	<templateId root="2.16.840.1.113883.10.20.22.1.1" />
	<templateId root="2.16.840.1.113883.10.20.22.1.8" />
	<id extension="999021" root="2.16.840.1.113883.3.1275" />
	<code codeSystem="2.16.840.1.113883.6.1" codeSystemName="LOINC"
		code="18842-5" displayName="Discharge summarization note" />
	<title>Good Health Discharge Summary</title>
	<effectiveTime value="20050329171504+0500" />
	<confidentialityCode code="N" codeSystem="2.16.840.1.113883.5.25" />
	<languageCode code="en-US" />
	<recordTarget>
		<patientRole>
			<id extension="111-00-1234" root="2.16.840.1.113883.4.1" />
			<addr use="HP">
				<streetAddressLine>17 Daws Rd.</streetAddressLine>
				<city>Blue Bell</city>
				<state>MA</state>
				<postalCode>02368</postalCode>
				<country>US</country>
			</addr>
			<telecom value="tel:(781)555-1212" use="HP" />
			<patient>
				<name use="L">
					<prefix>Mr.</prefix>
					<given>Adam</given>
					<given qualifier="CL">Frankie</given>
					<family>Everyman</family>
				</name>
				<administrativeGenderCode code="M"
					codeSystem="2.16.840.1.113883.5.1" displayName="Male" />
				<birthTime value="19541125" />
				<raceCode code="2106-3" displayName="White"
					codeSystem="2.16.840.1.113883.6.238" codeSystemName="Race &amp; Ethnicity - CDC" />
				<ethnicGroupCode code="2186-5" displayName="Not Hispanic or Latino"
					codeSystem="2.16.840.1.113883.6.238" codeSystemName="Race &amp; Ethnicity - CDC" />
				<languageCommunication>
					<languageCode code="fr-CN" />
					<modeCode code="RWR" displayName="Receive Written"
						codeSystem="2.16.840.1.113883.5.60" codeSystemName="LanguageAbilityMode" />
					<preferenceInd value="true" />
				</languageCommunication>

			</patient>
		</patientRole>
	</recordTarget>
	<author>
		<time value="20050329224411+0500" />
		<assignedAuthor>
			<id extension="KP00017" root="2.16.840.1.113883.4.6" />
			<addr use="WP">
				<streetAddressLine>21 North Ave.</streetAddressLine>
				<city>Burlington</city>
				<state>MA</state>
				<postalCode>02368</postalCode>
				<country>US</country>
			</addr>
			<addr use="PST">
				<streetAddressLine>PO Box 72186</streetAddressLine>
				<city>Burlington</city>
				<state>MA</state>
				<postalCode>02368</postalCode>
				<country>US</country>
			</addr>
			<telecom use="WP" value="tel:(555)555-1003" />
			<telecom use="MC" value="tel:(555)555-2003" />
			<assignedPerson>
				<name>
					<prefix qualifier="AC">Dr</prefix>
					<given>Henry</given>
					<family>Seven</family>
				</name>
			</assignedPerson>
			<!-- <assignedAuthoringDevice> <manufacturerModelName>Good Health Medical 
				Device</manufacturerModelName> <softwareName>Good Health Report Generator</softwareName> 
				</assignedAuthoringDevice> -->
		</assignedAuthor>
	</author>
	<custodian>
		<assignedCustodian>
			<representedCustodianOrganization>
				<id root="2.16.840.1.113883.4.6" />
				<name>Good Health Clinic</name>
				<telecom value="tel:(555)555-1212" use="WP" />
				<addr use="WP">
					<streetAddressLine>17 Daws Rd.</streetAddressLine>
					<city>Blue Bell</city>
					<state>MA</state>
					<postalCode>02368</postalCode>
					<country>US</country>
				</addr>
			</representedCustodianOrganization>
		</assignedCustodian>
	</custodian>
	<componentOf>
		<encompassingEncounter>
			<id extension="9937012" root="2.16.840.1.113883.3.1275" />
			<effectiveTime>
				<low value="20050329" />
				<high value="20050329" />
			</effectiveTime>
			<dischargeDispositionCode code="01"
				codeSystem="2.16.840.1.113883.12.112" displayName="Routine Discharge"
				codeSystemName="HL7 Discharge Disposition" />
			<responsibleParty typeCode="RESP">
				<assignedEntity>
					<id extension="121008" root="2.16.840.1.113883.19.5" />
					<code code="2085R0202X" codeSystem="2.16.840.1.113883.6.101"
						codeSystemName="NUCC" displayName="Diagnostic Radiology" />
					<addr nullFlavor="NI" />
					<telecom nullFlavor="NI" />
					<assignedPerson>
						<name>
							<given>Christine</given>
							<family>Cure</family>
							<suffix>MD</suffix>
						</name>
					</assignedPerson>
				</assignedEntity>
			</responsibleParty>
			<location>
				<healthCareFacility>
					<id root="2.16.540.1.113883.19.2" />
					<code codeSystem='2.16.840.1.113883.5.111' codeSystemName='RoleCode'
						code='HOSP' />
					<serviceProviderOrganization classCode="ORG"
						determinerCode="INSTANCE">
						<name>Holy Cross Hospital</name>
						<addr use="HP">
							<streetAddressLine>123, Main Street</streetAddressLine>
							<city>Reston</city>
							<state>VA</state>
							<postalCode>20190</postalCode>
							<country>US</country>
						</addr>
					</serviceProviderOrganization>
				</healthCareFacility>

			</location>
		</encompassingEncounter>
	</componentOf>
	<documentationOf>
		<serviceEvent classCode="PCPR">
			<id root="1.2.840.113619.2.62.994044785528.114289542805" />
			<!-- study instance UID -->
			<id extension="123453" root="1.2.840.113619.2.62.994044785528.26" />
			<!-- DICOM Requested Procedure ID -->
			<code code="71020"
				displayName="Radiologic examination, chest, two views,frontal and lateral codeSystem="
				codeSystemName="CPT4" />
			<effectiveTime value="20060823222400" />
			<performer typeCode="PRF">
				<templateId root="2.16.840.1.113883.10.20.6.2.1" />
				<assignedEntity>
					<id extension="121008" root="2.16.840.1.113883.19.5" />
					<code code="2085R0202X" codeSystem="2.16.840.1.113883.6.101"
						codeSystemName="NUCC" displayName="Diagnostic Radiology" />
					<addr nullFlavor="NI" />
					<telecom nullFlavor="NI" />
					<assignedPerson>
						<name>
							<given>Christine</given>
							<family>Cure</family>
							<suffix>MD</suffix>
						</name>
					</assignedPerson>
				</assignedEntity>
			</performer>
			<performer typeCode="PRF">
				<templateId root="2.16.840.1.113883.10.20.6.2.1" />
				<assignedEntity>
					<id extension="121008" root="2.16.840.1.113883.19.5" />
					<code code="2085R0202X" codeSystem="2.16.840.1.113883.6.101"
						codeSystemName="NUCC" displayName="Diagnostic Radiology" />
					<addr nullFlavor="NI" />
					<telecom nullFlavor="NI" />
					<assignedPerson>
						<name>
							<given>Good</given>
							<family>Nurse</family>
							<suffix>RNP</suffix>
						</name>
					</assignedPerson>
				</assignedEntity>
			</performer>
		</serviceEvent>
	</documentationOf>
	<component>
		<structuredBody>

			<!-- ********** LAB RESULTS *************** -->
			<component>
				<section>  <!-- Required for 2014 Edition -->
					<templateId root="2.16.840.1.113883.10.20.22.2.3.1" />
					<code code="30954-2" codeSystem="2.16.840.1.113883.6.1" />
					codeSystemName="LOINC"
					displayName="RESULTS" />
					<title>Results</title>
					<entry typeCode="DRIV">
						<organizer classCode="BATTERY" moodCode="EVN">
							<!-- Result organizer template -->
							<templateId root="2.16.840.1.113883.10.20.22.4.1" />
							<id root="7d5a02b0-67a4-11db-bd13-0800200c9a66" />
							<code code="57021-8" displayName="CBC W Auto Differential panel"
								codeSystem="2.16.840.1.113883.6.1" codeSystemName="LOINC" />
							<statusCode code="completed" />

							<component>
								<observation classCode="OBS" moodCode="EVN">
									<!-- Result observation template -->
									<templateId root="2.16.840.1.113883.10.20.22.4.2" />
									<id root="107c2dc0-67a5-11db-bd13-0800200c9a66" />
									<code code="30313-1" displayName="HGB" codeSystem="2.16.840.1.113883.6.1"
										codeSystemName="LOINC" />
									<statusCode code="completed" />
									<effectiveTime value="200003231430" />
									<value xsi:type="PQ" value="13.2" unit="g/dl" />
									<interpretationCode code="N"
										codeSystem="2.16.840.1.113883.5.83" />

									<methodCode />
									<targetSiteCode />

									<author>
										<time />
										<assignedAuthor>
											<id root="107c2dc0-67a5-11db-bd13-0800200c9999" />
										</assignedAuthor>
									</author>

									<referenceRange>
										<observationRange>
											<text>M 13-18 g/dl; F 12-16 g/dl</text>
										</observationRange>
									</referenceRange>
								</observation>
							</component>

						</organizer>
					</entry>
				</section>
			</component>

		</structuredBody>

	</component>
</ClinicalDocument>
