<?xml version="1.0"?><ClinicalDocument xmlns:xsi="http://www.w3.org/2001/XMLSchema-instance"
	xmlns="urn:hl7-org:v3" xmlns:mif="urn:hl7-org:v3/mif">
	<realmCode code="US" />
	<typeId root="2.16.840.1.113883.1.3" extension="POCD_HD000040" />
	<templateId root="2.16.840.1.113883.10.20.22.1.1" />
	<templateId root="2.16.840.1.113883.3.1275.1.1.1.1" />
	<id extension="999021" root="2.16.840.1.113883.3.1275"/>
	<code codeSystem="2.16.840.1.113883.6.1" codeSystemName="LOINC" code="18842-5" displayName="Discharge summarization note"/>
	<title>Good Health Discharge Summary</title>
	<effectiveTime value="20050329171504+0500"/>
	<confidentialityCode code="N" codeSystem="2.16.840.1.113883.5.25"/>
	<languageCode code="en-US"/>
	<recordTarget>
		<patientRole>
			<id extension="111-00-1234" root="2.16.840.1.113883.4.1"/>
			<addr use="HP">
				<streetAddressLine>17 Daws Rd.</streetAddressLine>
				<city>Blue Bell</city>
				<state>MA</state>
				<postalCode>02368</postalCode>
				<country>US</country>
			</addr>
			<telecom value="tel:(781)555-1212" use="HP"/>
			<patient>
				<name use="L">
					<prefix>Mr.</prefix>
					<given>Adam</given>
					<given qualifier="CL">Frankie</given>
					<family>Everyman</family>
				</name>
				<administrativeGenderCode code="M" codeSystem="2.16.840.1.113883.5.1" displayName="Male"/>
				<birthTime value="19541125"/>
			</patient>
		</patientRole>
	</recordTarget>
	<author>
		<time value="20050329224411+0500"/>
		<assignedAuthor>
			<id extension="KP00017" root="2.16.840.1.113883.4.6"/>
			<addr>
				<streetAddressLine>21 North Ave.</streetAddressLine>
				<city>Burlington</city>
				<state>MA</state>
				<postalCode>02368</postalCode>
				<country>USA</country>
			</addr>
			<telecom use="WP" value="tel:(555)555-1003"/>
			
			<assignedPerson>
				<name>
					<given>Henry</given>
					<family>Seven</family>
				</name>
			</assignedPerson>
			-->
			<assignedAuthoringDevice>
				<manufacturerModelName>Good Health Medical Device</manufacturerModelName>
			    <softwareName>Good Health Report Generator</softwareName>
			 </assignedAuthoringDevice>
		</assignedAuthor>
	</author>
	<custodian>
		<assignedCustodian>
			<representedCustodianOrganization>
				<id root="2.16.840.1.113883.3.1275.5"/>
				<name>Good Health Clinic</name>
				<telecom value="tel:(555)555-1212" use="WP"/>
				<addr use="WP">
					<streetAddressLine>17 Daws Rd.</streetAddressLine>
					<city>Blue Bell</city>
					<state>MA</state>
					<postalCode>02368</postalCode>
					<country>USA</country>
				</addr>
			</representedCustodianOrganization>
		</assignedCustodian>
	</custodian>
	<componentOf>
		<encompassingEncounter>
			<id extension="9937012" root="2.16.840.1.113883.3.1275"/>
			<effectiveTime>
				<low value="20050329"/>
				<high value="20050329"/>
			</effectiveTime>
			<dischargeDispositionCode code="01" codeSystem="2.16.840.1.113883.12.112" displayName="Routine Discharge" codeSystemName="HL7 Discharge Disposition"/>
		</encompassingEncounter>
	</componentOf>
	<component>
		<structuredBody>
		
          ACTIVE PROBLEMS -->
         <component>
            <section>
               <templateId root="2.16.840.1.113883.10.20.22.2.5"/>
               <code code="11450-4" codeSystem="2.16.840.1.113883.6.1" displayName="PROBLEM LIST"
                     codeSystemName="LOINC"/>
               <title>Problems</title>
               <text>
			   	 <list listType="ordered">
                   <item>Pneumonia: Resolved in March 1998</item>
                   <item>Lower Back Pain - Consultation 1999</item>
                 </list>
			   </text>
            </section>
         </component>

		 ALLERGIES -->
		 <component>
			<section>
				<templateId root="2.16.840.1.113883.10.20.22.2.6"/>
				<code code="48765-2" codeSystem="2.16.840.1.113883.6.1" codeSystemName="LOINC" displayName="Allergies, Adverse Reactions, Alerts"/>
				<title>Allergies</title>
				<text>
					<table border="1" width="100%">
						<thead>
							<tr>
								<th>Substance</th>
								<th>Reaction</th>
								<th>Status</th>
							</tr>
						</thead>
						<tbody>
							<tr>
								<td>Penicillin</td>
								<td>
									<content ID="reaction1">Hives</content>
								</td>
								<td>Active</td>
							</tr>
							<tr>
								<td>Aspirin</td>
								<td>
									<content ID="reaction2">Wheezing</content>
								</td>
								<td>Active</td>
							</tr>
							<tr>
								<td>Codeine</td>
								<td>
									<content ID="reaction3">Nausea</content>
								</td>
								<td>Active</td>
							</tr>
						</tbody>
					</table>
				</text>
			</section>
		</component>

		 PROCEDURES -->
        <component>
			<section>
				<templateId root="2.16.840.1.113883.10.20.22.2.7"/>
				<code code="47519-4" codeSystem="2.16.840.1.113883.6.1" codeSystemName="LOINC" displayName="PROCEDURES"/>
				<title>Procedures</title>
				<text>
					<table border="1" width="100%">
						<thead>
							<tr>
								<th>Procedure</th>
								<th>Date</th>
							</tr>
						</thead>
						<tbody>
							<tr>
								<td>
									<content ID="Proc1">Colonic polypectomy</content>
								</td>
								<td>1998</td>
							</tr>
						</tbody>
					</table>
				</text>
			</section>
		</component>

		 DISCHARGE DIAGNOSIS -->
		<component>
			<section>
				<templateId root="2.16.840.1.113883.10.20.22.2.24"/>
				<code code="11535-2" displayName="Hospital Discharge Diagnosis" codeSystem="2.16.840.1.113883.6.1" codeSystemName="LOINC"/>
				<title>Hospital Discharge Diagnosis</title>
				<text>
					<list>
						<item>Diverticula of intestine</item>
					</list>
				</text>
			</section>
		</component>

		 DISCHARGE MEDS -->
		<component>
			<section>
				<templateId root="2.16.840.1.113883.10.20.22.2.11"/>
				<code codeSystem="2.16.840.1.113883.6.1" codeSystemName="LOINC"
						code="10183-2" displayName="HOSPITAL DISCHARGE MEDICATIONS" />
				<title>Hospital Discharge Medications</title>
				<text>
					<table border="1" width="100%">
						<thead>
							<tr>
								<th>Medication</th>
								<th>Directions</th>
								<th>Start Date</th>
								<th>Status</th>
								<th>Indications</th>
								<th>Fill Instructions</th>
							</tr>
						</thead>
						<tbody>
							<tr>
								<td>Proventil 0.09 MG/ACTUAT inhalant solution</td>
								<td>2 puffs QID PRN wheezing</td>
								<td>2011-03-01</td>
								<td>Active</td>
								<td>Bronchitis (32398004 SNOMED CT)</td>
								<td>Generic Substitition Allowed</td>
							</tr>
						</tbody>
					</table>
				</text>
			</section>
		</component>

		 HOSPITAL COURSE -->
		<component>
			<section>
				<templateId root="1.3.6.1.4.1.19376.1.5.3.1.3.5"/>
				<code code="8648-8" displayName="HOSPITAL COURSE" codeSystem="2.16.840.1.113883.6.1" codeSystemName="LOINC"/>
				<title>Hospital Course</title>
				<text> Following a colonoscopy, the patient was admitted and started on Lovenox and nitroglycerin paste.

					The patient had serial cardiac enzymes and was ruled out for myocardial

					infarction. The patient underwent a dual isotope stress test. There was no

					evidence of reversible ischemia on the Cardiolite scan. The patient has been

					ambulated. The patient had a Holter monitor placed but the report is not

					available at this time. The patient has remained hemodynamically stable.

					Will discharge.</text>
			</section>
		</component>
					
		 PLAN OF CARE -->
		<component>
			<section>
				<templateId root="2.16.840.1.113883.10.20.22.2.10"/>
				<code code="18776-5" codeSystem="2.16.840.1.113883.6.1" codeSystemName="LOINC" displayName="Treatment plan"/>
				<title>Plan of Care</title>
				<text>
					<table border="1" width="100%">
						<thead>
							<tr>
								<th>Planned Activity</th>
								<th>Planned Date</th>
							</tr>
						</thead>
						<tbody>
							<tr>
								<td>Colonoscopy</td>
								<td>April 21, 2000</td>
							</tr>
						</tbody>
					</table>
				</text>
			</section>
		</component>
		
		 IMMUNIZATIONS -->
		 <component>
			<section>
				<templateId root="2.16.840.1.113883.10.20.22.2.2"/>
				<code code="11369-6" codeSystem="2.16.840.1.113883.6.1" codeSystemName="LOINC" displayName="History of immunizations"/>
				<title>Immunizations</title>
				<text>
					<table border="1" width="100%">
						<thead>
							<tr>
								<th>Vaccine</th>
								<th>Date</th>
								<th>Status</th>
							</tr>
						</thead>
						<tbody>
							<tr>
								<td>
									<content ID="immun1"/>Influenza virus vaccine, IM</td>
								<td>Nov 1999</td>
								<td>Completed</td>
							</tr>
							<tr>
								<td>
									<content ID="immun2"/>Influenza virus vaccine, IM</td>
								<td>Dec 1998</td>
								<td>Completed</td>
							</tr>
							<tr>
								<td>
									<content ID="immun3"/>Pneumococcal polysaccharide vaccine, IM</td>
								<td>Dec 1998</td>
								<td>Completed</td>
							</tr>
							<tr>
								<td>
									<content ID="immun4"/>Tetanus and diphtheria toxoids, IM</td>
								<td>1997</td>
								<td>Refused</td>
							</tr>
						</tbody>
					</table>
				</text>
			</section>
		</component>
		
			  Review of Systems -->
		<component>
				<section>
					<templateId root="1.3.6.1.4.1.19376.1.5.3.1.3.18"/>
					<code codeSystem="2.16.840.1.113883.6.1" codeSystemName="LOINC" code="10187-3" displayName="REVIEW OF SYSTEMS"/>
					<title>Review of Systems</title>
					<text>
                  		<paragraph>Patient denies recent history of fever or malaise. Positive for weakness and shortness of breath. One episode of melena. No recent headaches. Positive for osteoarthritis in hips, knees and hands. </paragraph>
               		</text>
				</section>
			</component>
			
		   Social History ******** -->
			<component>
				<section>
					<templateId root="2.16.840.1.113883.10.20.22.2.17"/>
					  ********  Social history section template   ******** -->
					<code code="29762-2" codeSystem="2.16.840.1.113883.6.1" displayName="Social History"/>
					<title>Social History</title>
					<text>
						<table border="1" width="100%">
							<thead>
								<tr>
									<th>Social History Element</th>
									<th>Description</th>
									<th>Effective Dates</th>
								</tr>
							</thead>
							<tbody>
								<tr>
									<td>
										<content ID="soc1"/> smoking</td>
									<td>1 pack per day</td>
									<td>1947 - 1972</td>
								</tr>
								<tr>
									<td>
										<content ID="soc2"/> smoking</td>
									<td>None</td>
									<td>1973 - </td>
								</tr>
								<tr>
									<td>
										<content ID="soc3"/>Alcohol consumption</td>
									<td>None</td>
									<td>1973 - </td>
								</tr>
							</tbody>
						</table>
					</text>
				</section>
			</component>
			<component>
				<section>
					<templateId root="2.16.840.1.113883.10.20.22.2.4"/>
					<code code="8716-3" codeSystem="2.16.840.1.113883.6.1" codeSystemName="LOINC" displayName="VITAL SIGNS"/>
					<title>Vital Signs</title>
					<text>
						<table border="1" width="100%">
							<thead>
								<tr>
									<th align="right">Date / Time: </th>
									<th>Nov 14, 1999</th>
									<th>April 7, 2000</th>
								</tr>
							</thead>
							<tbody>
								<tr>
									<th align="left">Height</th>
									<td>
										<content ID="vit1">177 cm</content>
									</td>
									<td>
										<content ID="vit2">177 cm</content>
									</td>
								</tr>
								<tr>
									<th align="left">Weight</th>
									<td>
										<content ID="vit3">86 kg</content>
									</td>
									<td>
										<content ID="vit4">88 kg</content>
									</td>
								</tr>
								<tr>
									<th align="left">Blood Pressure</th>
									<td>
										<content ID="vit5">132/86 mmHg</content>
									</td>
									<td>
										<content ID="vit6">145/88 mmHg</content>
									</td>
								</tr>
							</tbody>
						</table>
					</text>
				</section>
			</component>
			
			<component>
				<section>
					<templateId root="1.3.6.1.4.1.19376.1.5.3.1.3.26"/>
					<code code="10184-0" displayName="HOSPITAL DISCHARGE PHYSICAL" codeSystem="2.16.840.1.113883.6.1" codeSystemName="LOINC"/>
					<title>Hospital Discharge Physical</title>
					<text>GENERAL: Well-developed, slightly obese man. <br/>

             NECK: Supple, with no jugular venous distension. <br/>

             HEART: Intermittent tachycardia without murmurs or gallops.<br/>

             PULMONARY: Decreased breath sounds, but no clear-cut rales or

             wheezes. <br/>

             EXTREMITIES: Free of edema.</text>
				</section>
			</component>
			<component>
				<section>
					<templateId root="2.16.840.1.113883.10.20.22.2.16"/>
					<code codeSystem="2.16.840.1.113883.6.1" codeSystemName="LOINC" code="11493-4" displayName="HOSPITAL DISCHARGE STUDIES SUMMARY"/>
					<title>Hospital Discharge Studies Summary</title>
					<text>
						<table border="1" width="100%">
							<thead>
								<tr>
									<th>Laboratory Information</th>
									<th>Chemistries and drug levels</th>
								</tr>
							</thead>
							<tbody>
								<tr>
									<td>Potasium</td>
									<td>4.0</td>
								</tr>
								<tr>
									<td>NA (135-145meq/l)</td>
									<td>140</td>
								</tr>
							</tbody>
						</table>
						<br/>
						<table border="1" width="100%">
							<thead>
								<tr>
									<th>Other Tests</th>
									<th>Results</th>
								</tr>
							</thead>
							<tbody>
								<tr>
									<td>EKG</td>
									<td>Sinus rhythm without acute changes.</td>
								</tr>
							</tbody>
						</table>
					</text>
				</section>
			</component>
			<component>
				<section>
					<templateId root="1.3.6.1.4.1.19376.1.5.3.1.3.4"/>
					<code codeSystem="2.16.840.1.113883.6.1" codeSystemName="LOINC" code="10164-2" displayName="HISTORY OF PRESENT ILLNESS"/>
					<title>History of Present Illness</title>
					<text>
						<paragraph>This patient was only recently discharged for a recurrent GI bleed as described below.</paragraph>
						<paragraph>He presented to the ER today c/o a dark stool yesterday but a normal brown stool today. On exam he was hypotensive in the 80?s resolved after .... .... .... </paragraph>
						<paragraph>Lab at discharge: Glucose 112, BUN 16, creatinine 1.1, electrolytes normal. H. pylori antibody pending. Admission hematocrit 16%, discharge hematocrit 29%. WBC 7300, platelet count 256,000. Urinalysis normal. Urine culture: No growth. INR 1.1, PTT 40.</paragraph>
						<paragraph>He was transfused with 6 units of packed red blood cells with .... .... ....</paragraph>
						<paragraph>GI evaluation 12 September: Colonoscopy showed single red clot in .... .... ....</paragraph>
					</text>
				</section>
			</component>
			
				  Reason for Visit/ Chief Complaint -->
			<component>
				<section>
					<templateId root="2.16.840.1.113883.10.20.22.2.13"/>
					<code codeSystem="2.16.840.1.113883.6.1" codeSystemName="LOINC" code="46239-0" displayName="REASON FOR VISIT + CHIEF COMPLAINT"/>
					<title>Reason for Visit/Chief Complaint</title>
					<text>
						<paragraph>Dark stools.</paragraph>
					</text>
				</section>
			</component>
			
		  Chief Complaint -->	
		  <component>
	        <section>
	          <templateId root="1.3.6.1.4.1.19376.1.5.3.1.1.13.2.1"/>
	          <code code="10154-3" codeSystem="2.16.840.1.113883.6.1" codeSystemName="LOINC" displayName="CHIEF COMPLAINT"/>
	          <title>CHIEF COMPLAINT</title>
	          <text>Chronic Back pain and High Blood Presssure</text>
	        </section>
	      </component>
	      
	        Reason for Visit -->
	      <component>
	        <section>
	          <templateId root="2.16.840.1.113883.10.20.22.2.12"/>
	          <code code="29299-5" codeSystem="2.16.840.1.113883.6.1" codeSystemName="LOINC" displayName="REASON FOR VISIT"/>
	          <title>REASON FOR VISIT</title>
	          <text>To further look into the chronic back pain</text>
	        </section>
	      </component>
			
			<component>
				<section>
					<templateId root="1.3.6.1.4.1.19376.1.5.3.1.3.33"/>
					<code code="42344-2" displayName="DISCHARGE DIET" codeSystem="2.16.840.1.113883.6.1" codeSystemName="LOINC"/>
					<title>Discharge Diet</title>
					<text>No solid food for 2 days.  Follow the B.R.A.T. diet for 2 days after that.  Regular diet may be resumed 4 days after discharge.</text>
				</section>
			</component>
			
			<component>
				<section>
					<templateId root="2.16.840.1.113883.10.20.22.2.14"/>
					  ******** Functional status section template   ******** -->
					<code code="47420-5" codeSystem="2.16.840.1.113883.6.1"/>
					<title>Functional Status</title>
					<text>
						<table border="1" width="100%">
							<thead>
								<tr>
									<th>Functional Condition</th>
									<th>Effective Dates</th>
									<th>Condition Status</th>
								</tr>
							</thead>
							<tbody>
								<tr>
									<td>Dependence on cane</td>
									<td>1999</td>
									<td>Active</td>
								</tr>
								<tr>
									<td>Memory impairment</td>
									<td>1998</td>
									<td>Active</td>
								</tr>
							</tbody>
						</table>
					</text>
				</section>
			</component>
		
			<component>
				<section>
					<templateId root="2.16.840.1.113883.10.20.22.2.15"/>
					  ********  Family history section template   ******** -->
					<code code="10157-6" codeSystem="2.16.840.1.113883.6.1"/>
					<title>Family history</title>
					<text>
						<paragraph>Father (deceased)</paragraph>
						<table border="1" width="100%">
							<thead>
								<tr>
									<th>Diagnosis</th>
									<th>Age At Onset</th>
								</tr>
							</thead>
							<tbody>
								<tr>
									<td>Myocardial Infarction (cause of death)</td>
									<td>57</td>
								</tr>
								<tr>
									<td>Diabetes</td>
									<td>40</td>
								</tr>
							</tbody>
						</table>
					</text>
				</section>
			</component>
		</structuredBody>
	</component>
</ClinicalDocument>
