<?xml version="1.0"?><!--
    Copyright (c) 2011, 2012 Sean Muir and others.
    All rights reserved. This program and the accompanying materials
    are made available under the terms of the Eclipse Public License v1.0
    which accompanies this distribution, and is available at
    http://www.eclipse.org/legal/epl-v10.html
   
    Contributors:
        Sean Muir (JKM Software) - initial API and implementation
 -->

<ClinicalDocument xmlns:xsi="http://www.w3.org/2001/XMLSchema-instance"
	xmlns="urn:hl7-org:v3" xmlns:mif="urn:hl7-org:v3/mif">
   <realmCode code="US"/>
   <typeId root="2.16.840.1.113883.1.3" extension="POCD_HD000040"/>
   <templateId root="2.16.840.1.113883.10.20.22.1.1"/>
   <templateId root="2.16.840.1.113883.3.1275.1.1.1.1"/>
   <id root="2.16.840.1.113883.3.1275" extension="999021"/>
   <code code="18842-5" codeSystem="2.16.840.1.113883.6.1" codeSystemName="LOINC"
         displayName="Discharge summarization note"/>
   <title>Good Health Discharge Summary</title>
   <effectiveTime value="20050329171504+0500"/>
   <confidentialityCode code="N" codeSystem="2.16.840.1.113883.5.25"/>
   <languageCode code="en-US"/>
   <recordTarget>
      <patientRole>
         <id root="2.16.840.1.113883.4.1" extension="111-00-1234"/>
         <addr use="HP">
            <streetAddressLine>17 Daws Rd.</streetAddressLine>
            <city>Blue Bell</city>
            <state>MA</state>
            <postalCode>02368</postalCode>
            <country>US</country>
         </addr>
         <telecom use="HP" value="tel:(781)555-1212"/>
         <patient>
            <name use="L">
               <prefix>Mr.</prefix>
               <given>Adam</given>
               <given qualifier="CL">Frankie</given>
               <family>Everyman</family>
            </name>
            <administrativeGenderCode code="M" codeSystem="2.16.840.1.113883.5.1" displayName="Male"/>
            <birthTime value="19541125"/>
         </patient>
      </patientRole>
   </recordTarget>
   <author>
      <time value="20050329224411+0500"/>
      <assignedAuthor>
         <id root="2.16.840.1.113883.4.6" extension="KP00017"/>
         <addr>
            <streetAddressLine>21 North Ave.</streetAddressLine>
            <city>Burlington</city>
            <state>MA</state>
            <postalCode>02368</postalCode>
            <country>USA</country>
         </addr>
         <telecom use="WP" value="tel:(555)555-1003"/>
         <assignedAuthoringDevice>
            <manufacturerModelName>Good Health Medical Device</manufacturerModelName>
            <softwareName>Good Health Report Generator</softwareName>
         </assignedAuthoringDevice>
      </assignedAuthor>
   </author>
   <custodian>
      <assignedCustodian>
         <representedCustodianOrganization>
            <id root="2.16.840.1.113883.3.1275.5"/>
            <name>Good Health Clinic</name>
            <telecom use="WP" value="tel:(555)555-1212"/>
            <addr use="WP">
               <streetAddressLine>17 Daws Rd.</streetAddressLine>
               <city>Blue Bell</city>
               <state>MA</state>
               <postalCode>02368</postalCode>
               <country>USA</country>
            </addr>
         </representedCustodianOrganization>
      </assignedCustodian>
   </custodian>
   <componentOf>
      <encompassingEncounter>
         <id root="2.16.840.1.113883.3.1275" extension="9937012"/>
         <effectiveTime>
            <low value="20050329"/>
            <high value="20050329"/>
         </effectiveTime>
         <dischargeDispositionCode code="01" codeSystem="2.16.840.1.113883.12.112"
                                   codeSystemName="HL7 Discharge Disposition"
                                   displayName="Routine Discharge"/>
      </encompassingEncounter>
   </componentOf>
	<component>
		<nonXMLBody>
			<text representation="B64" compression="DF" mediaType="text/rtf">dhUhkasd437hbjfQSdhUhkasd437hbjfQS7dhUhkasd437hbjfQSdhUhkasd437hbjfQ</text>
		</nonXMLBody>
	</component>
</ClinicalDocument>
