<?xml version="1.0"?><!--
    Copyright (c) 2011, 2012 Sean Muir and others.
    All rights reserved. This program and the accompanying materials
    are made available under the terms of the Eclipse Public License v1.0
    which accompanies this distribution, and is available at
    http://www.eclipse.org/legal/epl-v10.html
   
    Contributors:
        Sean Muir (JKM Software) - initial API and implementation
 -->

<ClinicalDocument xmlns:xsi="http://www.w3.org/2001/XMLSchema-instance" xmlns="urn:hl7-org:v3"
	xmlns:mif="urn:hl7-org:v3/mif" xsi:schemaLocation="urn:hl7-org:v3 ../../org.openhealthtools.mdht.uml.cda/samples/CDA.xsd">
	<realmCode code="US" />
	<typeId root="2.16.840.1.113883.1.3" extension="POCD_HD000040" />
	<id extension="999021" root="2.16.840.1.113883.3.1275" />
	<code codeSystem="2.16.840.1.113883.6.1" codeSystemName="LOINC" code="18842-5"
		displayName="Discharge summarization note" />
	<title>Good Health Discharge Summary</title>
	<effectiveTime value="20050329171504+0500" />
	<confidentialityCode code="N" codeSystem="2.16.840.1.113883.5.25" />
	<languageCode code="en-US" />
	<recordTarget>
		<patientRole>
			<id extension="111-00-1234" root="2.16.840.1.113883.4.1" />
			<addr use="HP">
				<streetAddressLine>17 Daws Rd.</streetAddressLine>
				<city>Blue Bell</city>
				<state>MA</state>
				<postalCode>02368</postalCode>
				<country>US</country>
			</addr>
			<telecom value="tel:(781)555-1212" use="HP" />
			<patient>
				<name use="L">
					<prefix>Mr.</prefix>
					<given>Adam</given>
					<given qualifier="CL">Frankie</given>
					<family>Everyman</family>
				</name>
				<administrativeGenderCode code="M" codeSystem="2.16.840.1.113883.5.1"
					displayName="Male" />
				<birthTime value="19541125" />
				<!-- <ethnicGroupCode codeSystem="2.16.840.1.113883.6.238" code="2135-2" /> -->
			</patient>
		</patientRole>
	</recordTarget>
	<author>
		<time value="20050329224411+0500" />
		<assignedAuthor>
			<id extension="KP00017" root="2.16.840.1.113883.4.6" />
			<addr use="WP">
				<streetAddressLine>21 North Ave.</streetAddressLine>
				<city>Burlington</city>
				<state>MA</state>
				<postalCode>02368</postalCode>
				<country>USA</country>
			</addr>
			<addr use="PST">
				<streetAddressLine>PO Box 72186</streetAddressLine>
				<city>Burlington</city>
				<state>MA</state>
				<postalCode>02368</postalCode>
				<country>USA</country>
			</addr>
			<telecom use="WP" value="tel:(555)555-1003" />
			<telecom use="MC" value="tel:(555)555-2003" />
			<assignedPerson>
				<name>
					<prefix qualifier="AC">Dr</prefix>
					<given>Henry</given>
					<family>Seven</family>
				</name>
			</assignedPerson>
			<!-- <assignedAuthoringDevice> <manufacturerModelName>Good Health Medical Device</manufacturerModelName> 
				<softwareName>Good Health Report Generator</softwareName> </assignedAuthoringDevice> -->
		</assignedAuthor>
	</author>
	<custodian>
		<assignedCustodian>
			<representedCustodianOrganization>
				<id root="2.16.840.1.113883.4.6" />
				<name>Good Health Clinic</name>
				<telecom value="tel:(555)555-1212" use="WP" />
				<addr use="WP">
					<streetAddressLine>17 Daws Rd.</streetAddressLine>
					<city>Blue Bell</city>
					<state>MA</state>
					<postalCode>02368</postalCode>
					<country>USA</country>
				</addr>
			</representedCustodianOrganization>
		</assignedCustodian>
	</custodian>
	<componentOf>
		<encompassingEncounter>
			<id extension="9937012" root="2.16.840.1.113883.3.1275" />
			<effectiveTime>
				<low value="20050329" />
				<high value="20050329" />
			</effectiveTime>
			<dischargeDispositionCode code="01" codeSystem="2.16.840.1.113883.12.112"
				displayName="Routine Discharge" codeSystemName="HL7 Discharge Disposition" />
		</encompassingEncounter>
	</componentOf>

	<component>
		<structuredBody>
			<component>
				<section>
					<templateId root="2.16.840.1.113883.10.20.22.2.15" />
					<!-- ******** Family history section template ******** -->
					<code code="10157-6" codeSystem="2.16.840.1.113883.6.1" />
					<title>Family history</title>
					<text>
						<paragraph>Father (deceased)</paragraph>
					</text>
					<entry typeCode="DRIV">
						<organizer moodCode="EVN" classCode="CLUSTER">
							<templateId root="2.16.840.1.113883.10.20.22.4.45" />
							<!-- Family history organizer template -->
							<statusCode code="completed" />
							<subject>
								<relatedSubject classCode="PRS">
									<code code="FTH" displayName="Father" codeSystemName="HL7 FamilyMember" codeSystem="2.16.840.1.113883.5.111">
										<translation code="9947008" displayName="Biological father" codeSystemName="SNOMED CT"
											codeSystem="2.16.840.1.113883.6.96" />
									</code>
									<subject>
										<administrativeGenderCode code="M" codeSystem="2.16.840.1.113883.5.1"
											displayName="Male" />
										<birthTime value="1912" />
									</subject>
								</relatedSubject>
							</subject>
							<component>
								<observation classCode="OBS" moodCode="EVN">
									<templateId root="2.16.840.1.113883.10.20.22.4.46" />
									<!-- Family History Observation template -->
									<id root="d42ebf70-5c89-11db-b0de-0800200c9a66" />
									<code code="55561003" displayName="Active" codeSystemName="SNOMED CT" codeSystem="2.16.840.1.113883.6.96" />
									<statusCode code="completed" />
									<effectiveTime value="1967" />
									<value xsi:type="CD" code="22298006" codeSystem="2.16.840.1.113883.6.96" displayName="Myocardial infarction" />
									<entryRelationship typeCode="CAUS">
										<observation classCode="OBS" moodCode="EVN">
											<templateId root="2.16.840.1.113883.10.20.22.4.47" />
											<!-- ******** Family history death observation template ******** -->
											<id root="6898fae0-5c8a-11db-b0de-0800200c9a66" />
											<code code="ASSERTION" codeSystem="2.16.840.1.113883.5.4" />
											<statusCode code="completed" />
											<value xsi:type="CD" code="419099009" codeSystem="2.16.840.1.113883.6.96"
												displayName="Dead" />
										</observation>
									</entryRelationship>
									<entryRelationship typeCode="SUBJ" inversionInd="true">
										<observation classCode="OBS" moodCode="EVN">
											<templateId root="2.16.840.1.113883.10.20.22.4.31" />
											<!-- ******** Age observation template ******** -->
											<code code="397659008" codeSystem="2.16.840.1.113883.6.96" displayName="Age" />
											<statusCode code="completed" />
											<value xsi:type="PQ" value="57" unit="a" />
										</observation>
									</entryRelationship>
								</observation>
							</component>
							<component>
								<observation classCode="OBS" moodCode="EVN">
									<templateId root="2.16.840.1.113883.10.20.22.4.46" />
									<!-- ******** Family history observation template ******** -->
									<id root="5bfe3ec0-5c8b-11db-b0de-0800200c9a66" />
									<code code="7087005" displayName="Intermittent" codeSystemName="SNOMED CT"
										codeSystem="2.16.840.1.113883.6.96" />
									<statusCode code="completed" />
									<effectiveTime value="1950" />
									<value xsi:type="CD" code="46635009" codeSystem="2.16.840.1.113883.6.96" displayName="Diabetes mellitus type 1" />
									<entryRelationship typeCode="SUBJ" inversionInd="true">
										<observation classCode="OBS" moodCode="EVN">
											<templateId root="2.16.840.1.113883.10.20.22.4.31" />
											<!-- ******** Age observation template ******** -->
											<code code="397659008" codeSystem="2.16.840.1.113883.6.96" displayName="Age" />
											<statusCode code="completed" />
											<value xsi:type="PQ" value="40" unit="a" />
										</observation>
									</entryRelationship>
								</observation>
							</component>
						</organizer>
					</entry>
				</section>
			</component>
		</structuredBody>
	</component>
</ClinicalDocument>
